Date,Location,Ticket ID,Appointment ID,Services,Services Discount,Products,Products Discount,Gift Cards,Gift Card Discounts,Packages,Package Discounts,Memberships,Membership Discounts,Envir. Fees,Canc. Fees,Gross Revenue,Prepaids,Discounts,Refunds,Net Revenue
10/10/2026,Plantation 8126 W Broward Blvd,01H7JQD3,SA94INT6ZR,148.00,-35.50,"","","","","","","","","","",148.00,-54.00,-35.50,"",58.50
10/10/2026,Plantation 8126 W Broward Blvd,YRGLCG2K,VSJHPO7G89,149.00,-37.25,"","","","","","","","","","",149.00,-54.00,-37.25,"",57.75
10/10/2026,Plantation 8126 W Broward Blvd,GWZM0FLH,WVS96ZGSTO,106.00,-13.00,"","","","","","","","","","",106.00,-54.00,-13.00,"",39.00
10/10/2026,Plantation 8126 W Broward Blvd,98EK65AR,5PXGNQ6PHR,84.00,-7.50,"","","","","","","","","","",84.00,-54.00,-7.50,"",22.50
10/10/2026,Plantation 8126 W Broward Blvd,DX3596DP,"2U5XUCSPOJ,MGSYJHUS5K",132.00,-6.00,"","","","","","","","","","",132.00,-108.00,-6.00,"",18.00
10/10/2026,Plantation 8126 W Broward Blvd,DUJ3VUGP,N6XA5PVC8A,54.00,"","","","","","","","","","","",54.00,-54.00,"","",""
10/10/2026,Plantation 8126 W Broward Blvd,LBJOFP25,J4Y6VAMFCE,160.00,"","","","","","","","","","","",160.00,-160.00,"","",""
10/10/2026,Plantation 8126 W Broward Blvd,1EDQRZK8,ZIHO52KQRO,90.00,-31.50,"","","","","","","","","","",90.00,-54.00,-31.50,"",4.50
10/10/2026,Plantation 8126 W Broward Blvd,F41E234Q,OBGXISAOJY,54.00,"","","","","","","","","","","",54.00,-54.00,"","",""
10/10/2026,Plantation 8126 W Broward Blvd,LEKIDATV,L6Q66FI1YD,54.00,"","","","","","","","","","","",54.00,-54.00,"","",""
10/10/2026,Plantation 8126 W Broward Blvd,B3D2ZY0Q,9W01NDXXVC,126.00,-63.00,"","","","","","","","","","",126.00,-54.00,-63.00,"",9.00
10/10/2026,Plantation 8126 W Broward Blvd,4VMGTZ9G,"5JP2T1RHCB,Z63RSC8WBJ",108.00,"","","","","","","","","","","",108.00,-108.00,"","",""
10/10/2026,Plantation 8126 W Broward Blvd,6H8G4RBR,IISXQN0IAM,63.00,-2.25,"","","","","","","","","","",63.00,-54.00,-2.25,"",6.75
10/10/2026,Plantation 8126 W Broward Blvd,S2ABZIYO,YU55DR996U,54.00,"","","","","","","","","","","",54.00,-54.00,"","",""
10/10/2026,Plantation 8126 W Broward Blvd,S08PO690,ZVFGHHPL9Y,118.00,-16.00,"","","","","","","","","","",118.00,-54.00,-16.00,"",48.00
10/10/2026,Plantation 8126 W Broward Blvd,RB4JYHVI,1IQTHMI0CO,63.00,-2.25,"","","","","","","","","","",63.00,-54.00,-2.25,"",6.75
10/10/2026,Plantation 8126 W Broward Blvd,EDW470VN,7GP2DBLVJN,54.00,"","","","","","","","","","","",54.00,-54.00,"","",""
10/10/2026,Plantation 8126 W Broward Blvd,N3I2W9XD,LBATRXXRAF,106.00,-13.00,"","","","","","",49.00,"","","",155.00,-54.00,-13.00,"",88.00
10/10/2026,Plantation 8126 W Broward Blvd,CX64VQS2,EUB1W5W15N,94.00,-10.00,"","","","","","","","","","",94.00,-54.00,-10.00,"",30.00
10/10/2026,Plantation 8126 W Broward Blvd,EQQZTQWQ,SYTZ6XBZWQ,151.00,-33.25,"","","","","","","","","","",151.00,-54.00,-33.25,"",63.75
10/10/2026,Plantation 8126 W Broward Blvd,BVO9WSEZ,"F3F4EMDFOK,B2EUMLS120",188.00,-20.00,"","","","","","","","","","",188.00,-108.00,-20.00,"",60.00
10/10/2026,Plantation 8126 W Broward Blvd,TZSXUUOW,7ROLEW0H01,126.00,-18.00,"","","","","","","","","","",126.00,-54.00,-18.00,"",54.00
10/10/2026,Plantation 8126 W Broward Blvd,YJCU6UWZ,553CKKB8RB,54.00,"","","","","","","","","","","",54.00,-54.00,"","",""
10/10/2026,Plantation 8126 W Broward Blvd,U31XN88T,04LAPTF5C6,"","","","","","","","","","","",15.00,15.00,"","","",15.00
10/10/2026,Plantation 8126 W Broward Blvd,SHUOM5W7,Q484849XHP,15.00,"","","","","","","","","","","",15.00,"","","",15.00
10/10/2026,Plantation 8126 W Broward Blvd,B30PLFAV,"Z3BKRC1VEZ,I6Z9460YK2",178.00,-17.50,"","","","","","","","","","",178.00,-108.00,-17.50,"",52.50
10/10/2026,Plantation 8126 W Broward Blvd,F9VTP2DE,15IOHP8KWL,54.00,"","","","","","","","","","","",54.00,-54.00,"","",""
10/10/2026,Plantation 8126 W Broward Blvd,IWT0BQNM,NTBWL3P895,112.00,-14.50,"","","","","","","","","","",112.00,-54.00,-14.50,"",43.50
10/10/2026,Plantation 8126 W Broward Blvd,ZUJG9A9Z,6VTMT6JF7P,166.00,-28.00,"","","","","","","","","","",166.00,-54.00,-28.00,"",84.00
10/10/2026,Plantation 8126 W Broward Blvd,OP19QOSX,71OP2IBIG7,54.00,"","","","","","","","","","","",54.00,-54.00,"","",""
10/10/2026,Plantation 8126 W Broward Blvd,K84AOJSG,MZA52Q1HL3,90.00,-9.00,"","","","","","","","","","",90.00,-54.00,-9.00,"",27.00
10/10/2026,Plantation 8126 W Broward Blvd,RFF8NZ3V,CFQERFVWRQ,106.00,"","","","","","","","","","","",106.00,"","","",106.00
10/10/2026,Plantation 8126 W Broward Blvd,ZF2H3IRJ,GJ5M84OAN8,"","","","","","","","","","","","","","","","",""
10/9/2026,Plantation 8126 W Broward Blvd,L4L58NOL,46095B7RD2,72.00,-4.50,"","","","","","","","","","",72.00,-54.00,-4.50,"",13.50
10/9/2026,Plantation 8126 W Broward Blvd,VJ4ELSZG,"R8EWDXOHRP,5HDWO5UN61",138.00,-7.50,"","","","","","","","","","",138.00,-108.00,-7.50,"",22.50
10/9/2026,Plantation 8126 W Broward Blvd,UH7E9KR2,"E6YM1NV5XY,XQ3A4TKZYM",174.00,-43.50,"","","","","","","","","","",174.00,-108.00,-43.50,"",22.50
10/9/2026,Plantation 8126 W Broward Blvd,4KFS81H3,40IILHGATS,126.00,-18.00,"","","","","","","","","","",126.00,-54.00,-18.00,"",54.00
10/9/2026,Plantation 8126 W Broward Blvd,PAXY4DN5,KY62W0XW3C,60.00,-1.50,"","","","","","","","","","",60.00,-54.00,-1.50,"",4.50
10/9/2026,Plantation 8126 W Broward Blvd,TPQ10OXU,"","","","","","","","","",69.00,"","","",69.00,"","","",69.00
10/9/2026,Plantation 8126 W Broward Blvd,Q99T0XLV,"","","","","","","","","",28.00,"","","",28.00,"","","",28.00
10/9/2026,Plantation 8126 W Broward Blvd,2JBPKDN1,9ROR08EUAF,54.00,"","","","","","","","","","","",54.00,-54.00,"","",""
10/9/2026,Plantation 8126 W Broward Blvd,W3DBQER7,"","","","","","","","","",49.00,"","","",49.00,"","","",49.00
10/9/2026,Plantation 8126 W Broward Blvd,L6B624Q5,0VJPYACPIQ,54.00,"","","","","","","","","","","",54.00,-54.00,"","",""
10/9/2026,Plantation 8126 W Broward Blvd,NJUU8BZ9,3SAF585BJM,54.00,"","","","","","","","","","","",54.00,-54.00,"","",""
10/9/2026,Plantation 8126 W Broward Blvd,AQUW6FWS,"AGBW1WCSJC,UTAMO5APFX",228.00,"","","","","","","","","","","",228.00,-228.00,"","",""
10/9/2026,Plantation 8126 W Broward Blvd,Z2I0EFYN,Z7QRUQHLNE,74.00,-5.00,"","","","","","","","","","",74.00,-54.00,-5.00,"",15.00
10/9/2026,Plantation 8126 W Broward Blvd,YHSVSVLZ,RWM9690SKM,54.00,-15.00,"","","","","","","","","","",54.00,"",-15.00,"",39.00
10/9/2026,Plantation 8126 W Broward Blvd,D376IY10,RT4LDYGDBV,40.00,-10.00,"","","","","","","","","","",40.00,"",-10.00,"",30.00
10/9/2026,Plantation 8126 W Broward Blvd,R6Q9JCF7,QE4JF3JEDI,54.00,"","","","","","","","","","","",54.00,-54.00,"","",""
10/9/2026,Plantation 8126 W Broward Blvd,PTPRSUMS,"V7ED67PT6M,OQ5YV6FT3O",117.00,-2.25,"","","","","","","","","","",117.00,-108.00,-2.25,"",6.75
10/9/2026,Plantation 8126 W Broward Blvd,AKSH2LV7,BYL2MUFZ2F,54.00,"","","","","","","","","","","",54.00,-54.00,"","",""
10/9/2026,Plantation 8126 W Broward Blvd,HF48L80K,FA7F3UPHLB,84.00,-7.50,"","","","","","","","","","",84.00,-54.00,-7.50,"",22.50
10/9/2026,Plantation 8126 W Broward Blvd,DMA8NTTJ,EWICTZHMM4,140.00,-35.25,"","","","","","","","","","",140.00,-54.00,-35.25,"",50.75
10/9/2026,Plantation 8126 W Broward Blvd,7H0KS0YX,C9R5FVGAV9,54.00,-15.00,"","","","","","","","","","",54.00,"",-15.00,"",39.00
10/9/2026,Plantation 8126 W Broward Blvd,GF1VK93U,ZDLH5GG3SF,54.00,"","","","","","","","","","","",54.00,-54.00,"","",""
10/9/2026,Plantation 8126 W Broward Blvd,LTFL2RG8,1UA9A6A8SP,63.00,-17.25,"","","","","","","","","","",63.00,"",-17.25,"",45.75
10/9/2026,Plantation 8126 W Broward Blvd,SOOQFJB3,UU88JFUA1Q,96.00,-10.50,"","","","","","",39.00,"","","",135.00,-54.00,-10.50,"",70.50
10/9/2026,Plantation 8126 W Broward Blvd,64VCJNS1,"","","","","","","","","",39.00,"","","",39.00,"","","",39.00
10/9/2026,Plantation 8126 W Broward Blvd,FO4DQBYD,VMENSW0KYJ,"","","","","","","","","","","","","","","","",""
10/8/2026,Plantation 8126 W Broward Blvd,TVK12WJP,4U3FYMWJ08,54.00,"","","","","","","","","","","",54.00,-54.00,"","",""
10/8/2026,Plantation 8126 W Broward Blvd,W9JMA2C6,YHIQP2SD8G,178.00,-31.00,"","","","","","","","","","",178.00,-54.00,-31.00,"",93.00
10/8/2026,Plantation 8126 W Broward Blvd,P74B0CBE,9I6B2WTS7S,54.00,"","","","","","","","","","","",54.00,-54.00,"","",""
10/8/2026,Plantation 8126 W Broward Blvd,3TUE7TQL,"","","","","","","","","",65.00,"","","",65.00,"","","",65.00
10/8/2026,Plantation 8126 W Broward Blvd,HWWKR09Q,"","","","","","","","","",58.00,"","","",58.00,"","","",58.00
10/8/2026,Plantation 8126 W Broward Blvd,EG7FZUUJ,"","","","","","","","","",69.00,"","","",69.00,"","","",69.00
10/8/2026,Plantation 8126 W Broward Blvd,2PJHUZJ4,"BFUYS263X6,RI1OQIKY6E",210.00,-25.50,"","","","","","","","","","",210.00,-108.00,-25.50,"",76.50
10/8/2026,Plantation 8126 W Broward Blvd,DWKT81YA,THDVSVGRN3,54.00,"","","","","","","","","","","",54.00,-54.00,"","",""
10/8/2026,Plantation 8126 W Broward Blvd,PXQHT1M4,"N0MLYELPXX,6DU2NMQZWQ,E9KBIDS24P,EGH7L883OC",216.00,"","","","","","","","","","","",216.00,-216.00,"","",""
10/8/2026,Plantation 8126 W Broward Blvd,59WZZ1RS,44DKEVR0FK,126.00,-12.00,"","","","","","","","","","",126.00,-114.00,-12.00,"",""
10/8/2026,Plantation 8126 W Broward Blvd,8X7UT64W,"N6MAMDFVG4,M2YEZWFLFJ",108.00,"","","","","","","","","","","",108.00,-108.00,"","",""
10/8/2026,Plantation 8126 W Broward Blvd,43X8U6CB,4GXBKCBO6K,84.00,-22.50,"","","","","","","","","","",84.00,"",-22.50,"",61.50
10/8/2026,Plantation 8126 W Broward Blvd,0CLCXXSD,K7QJ7VQZCI,136.00,-53.50,"","","","","","","","","","",136.00,-54.00,-53.50,"",28.50
10/8/2026,Plantation 8126 W Broward Blvd,JDTXJAIZ,QNDEAMGMGV,83.00,-7.25,"","","","","","","","","","",83.00,-54.00,-7.25,"",21.75
10/8/2026,Plantation 8126 W Broward Blvd,T36JBMNT,36SAWXF43X,54.00,"","","","","","","","","","","",54.00,-54.00,"","",""
10/8/2026,Plantation 8126 W Broward Blvd,A4GQMOS5,3EC07VT2QM,"","","","","","","","","","","","","","","","",""
10/7/2026,Plantation 8126 W Broward Blvd,JOT2J7R0,WXZVST90GW,63.00,-2.25,"","","","","","","","","","",63.00,-54.00,-2.25,"",6.75
10/7/2026,Plantation 8126 W Broward Blvd,R373LZ5L,"3QMIRXXH01,7MPSRAZDGJ",108.00,"","","","","","","","","","","",108.00,-108.00,"","",""
10/7/2026,Plantation 8126 W Broward Blvd,1GBMO2XA,EPSZTO2786,54.00,-15.00,"","","","","","","","","","",54.00,"",-15.00,"",39.00
10/7/2026,Plantation 8126 W Broward Blvd,IH21QCM9,L3ZMOLAVWQ,84.00,-7.50,"","","","","","","","","","",84.00,-54.00,-7.50,"",22.50
10/7/2026,Plantation 8126 W Broward Blvd,K5IHSMH0,NQWOQET6PJ,138.00,-21.00,"","","","","","","","","","",138.00,-54.00,-21.00,"",63.00
10/7/2026,Plantation 8126 W Broward Blvd,LUK94PWB,"","","","","","","","","",38.00,"","","",38.00,"","","",38.00
10/7/2026,Plantation 8126 W Broward Blvd,TEI374RX,"","","","","","","","","",67.25,"","","",67.25,"","","",67.25
10/7/2026,Plantation 8126 W Broward Blvd,JFZNC0A6,"","","","","","","","","",39.00,"","","",39.00,"","","",39.00
10/7/2026,Plantation 8126 W Broward Blvd,QYTSQTZB,XTMOGYUAR6,124.00,-25.00,"","","","","","","","","","",124.00,-54.00,-25.00,"",45.00
10/7/2026,Plantation 8126 W Broward Blvd,0OZNOIH3,WU2B4ZAVWX,63.00,-2.25,"","","","","","","","","","",63.00,-54.00,-2.25,"",6.75
10/7/2026,Plantation 8126 W Broward Blvd,5ZF0KM3T,"J2SQO40BUP,K7QS6ICYSA",268.00,-40.00,"","","","","","","","","","",268.00,-108.00,-40.00,"",120.00
10/7/2026,Plantation 8126 W Broward Blvd,WNCL7JIX,8MCQH29OVA,60.00,-1.50,"","","","","","","","","","",60.00,-54.00,-1.50,"",4.50
10/7/2026,Plantation 8126 W Broward Blvd,7PJK957O,18WYCEVI13,120.00,-16.50,"","","","","","","","","","",120.00,-54.00,-16.50,"",49.50
10/7/2026,Plantation 8126 W Broward Blvd,NECUSFKS,"","","",49.98,-12.50,"","","","","","","","",49.98,"",-12.50,"",37.48
10/7/2026,Plantation 8126 W Broward Blvd,MFS67K59,15TKZYYRAU,"","","","","","","","","","","","","","","","",""
10/6/2026,Plantation 8126 W Broward Blvd,775DT0XJ,THEF0U08FL,66.00,-12.00,"","","","","","","","","","",66.00,-54.00,-12.00,"",""
10/6/2026,Plantation 8126 W Broward Blvd,4JTVU6SQ,R4DRWRH1TJ,115.00,-24.25,"","","","","","","","","","",115.00,-54.00,-24.25,"",36.75
10/6/2026,Plantation 8126 W Broward Blvd,ZM39FAXB,"","","","","","","","","",65.00,"","","",65.00,"","","",65.00
10/6/2026,Plantation 8126 W Broward Blvd,S1P3PRM9,"","","","","","","","","",127.00,"","","",127.00,"","","",127.00
10/6/2026,Plantation 8126 W Broward Blvd,UGIIAM9F,"","","","","","","","","",69.00,"","","",69.00,"","","",69.00
10/6/2026,Plantation 8126 W Broward Blvd,SKKZBZ86,F14VZSJIZ4,100.00,-7.50,"","","","","","","","","","",100.00,-54.00,-7.50,"",38.50
10/6/2026,Plantation 8126 W Broward Blvd,YCSDX4UI,OWTEK6FLTG,70.00,-4.00,"","","","","","","","","","",70.00,-54.00,-4.00,"",12.00
10/6/2026,Plantation 8126 W Broward Blvd,OMC266RC,"JT44Y4A2Y9,NVCRK80VXF",108.00,"","","","","","","","","","","",108.00,-108.00,"","",""
10/6/2026,Plantation 8126 W Broward Blvd,1IHBIN1L,"","","","","","","","","",49.00,"","","",49.00,"","","",49.00
10/6/2026,Plantation 8126 W Broward Blvd,XWS6BYYK,7W52ED4WE0,126.00,-18.00,"","","","","","","","","","",126.00,-54.00,-18.00,"",54.00
10/6/2026,Plantation 8126 W Broward Blvd,M8IMLS9I,"2TTPT49KQR,WTBPS47NV8",108.00,"","","","","","","","","","","",108.00,-108.00,"","",""
10/6/2026,Plantation 8126 W Broward Blvd,5RR4BKAT,DNNC5KZTWL,118.00,-16.00,"","","","","","","","","","",118.00,-54.00,-16.00,"",48.00
10/6/2026,Plantation 8126 W Broward Blvd,DFMIHJXT,U39A1EP4Q9,102.00,-12.00,"","","","","","","","","","",102.00,-54.00,-12.00,"",36.00
10/6/2026,Plantation 8126 W Broward Blvd,YFN06QD2,3PY8AM868L,212.00,-54.50,"","","","","","","","","","",212.00,"",-54.50,"",157.50
10/6/2026,Plantation 8126 W Broward Blvd,64D0MYUK,F6E7L2OMFI,54.00,"","","","","","","","","","","",54.00,-54.00,"","",""
10/6/2026,Plantation 8126 W Broward Blvd,OK5W7VU7,"PHKPUWLNTV,4PA2SGFGPH",184.00,-49.00,"","","","","","","","","","",184.00,"",-49.00,"",135.00
10/6/2026,Plantation 8126 W Broward Blvd,UNHV43Y3,"","","",26.99,-6.75,"","","","","","","","",26.99,"",-6.75,"",20.24
10/6/2026,Plantation 8126 W Broward Blvd,A5VF3JP8,GDG9TXZWEJ,115.00,"","","","","","","","","","","",115.00,"","","",115.00
10/6/2026,Plantation 8126 W Broward Blvd,5EPOD1JZ,IOJO5L06I4,100.00,-11.50,"","","","","","","","","","",100.00,-54.00,-11.50,"",34.50
10/6/2026,Plantation 8126 W Broward Blvd,NDOO0TH1,7W88C1ZNVN,"","","","","","","","","","","","","","","","",""
10/5/2026,Plantation 8126 W Broward Blvd,G5ACI6DX,MY462YQQAH,72.00,-4.50,"","","","","","","","","","",72.00,-54.00,-4.50,"",13.50
10/5/2026,Plantation 8126 W Broward Blvd,KJDFNZ2B,ZSZLF7SKMU,126.00,-18.00,"","","","","","","","","","",126.00,-54.00,-18.00,"",54.00
10/5/2026,Plantation 8126 W Broward Blvd,B5Z7WYDN,"","","","","","","","","",28.00,"","","",28.00,"","","",28.00
10/5/2026,Plantation 8126 W Broward Blvd,DI3R5FBO,COU1TYVGVI,122.00,-17.00,"","","","","","","","","","",122.00,-54.00,-17.00,"",51.00
10/5/2026,Plantation 8126 W Broward Blvd,HX8WC7BF,HZ04DF86AD,84.00,-15.00,"","","","","","","","","","",84.00,"",-15.00,"",69.00
10/5/2026,Plantation 8126 W Broward Blvd,51RZJAC0,31I6BY82R6,54.00,"","","","","","","","","","","",54.00,-54.00,"","",""
10/5/2026,Plantation 8126 W Broward Blvd,M8H6X4DL,"W9EMOYUBHR,38DWUYYGJY",108.00,"","","","","","","","","","","",108.00,-108.00,"","",""
10/5/2026,Plantation 8126 W Broward Blvd,L1ISLHP6,LQTRVR3XAO,66.00,-3.00,"","","","","","","","","","",66.00,-54.00,-3.00,"",9.00
10/5/2026,Plantation 8126 W Broward Blvd,M1O8AQP0,"","","","","","","","","",39.00,"","","",39.00,"","","",39.00
10/5/2026,Plantation 8126 W Broward Blvd,QYET441R,Q8DJ75H7DT,94.00,-10.00,"","","","","","","","","","",94.00,-54.00,-10.00,"",30.00
10/5/2026,Plantation 8126 W Broward Blvd,AL09U3YQ,C9NLSMR13K,118.00,-16.00,"","","","","","","","","","",118.00,-54.00,-16.00,"",48.00
10/5/2026,Plantation 8126 W Broward Blvd,6FIP440C,"","","","","","","","","",38.00,"","","",38.00,"","","",38.00
10/5/2026,Plantation 8126 W Broward Blvd,ZPH4Y322,"","","","","","","","","",49.00,"","","",49.00,"","","",49.00
10/5/2026,Plantation 8126 W Broward Blvd,PGEI7VTN,CHNN6DVTO7,90.00,-9.00,"","","","","","","","","","",90.00,-54.00,-9.00,"",27.00
10/5/2026,Plantation 8126 W Broward Blvd,H534GNQQ,"","","","","","","","","",39.00,"","","",39.00,"","","",39.00
10/5/2026,Plantation 8126 W Broward Blvd,7677YLH7,"C2WTLFTK1Z,E6NZZSZHBJ",108.00,"","","","","","","","","","","",108.00,-108.00,"","",""
10/5/2026,Plantation 8126 W Broward Blvd,BDL3MXZ8,1I4HOT7LPO,63.00,-2.25,"","","","","","","","","","",63.00,-54.00,-2.25,"",6.75
10/5/2026,Plantation 8126 W Broward Blvd,STVMB9B5,HCMIN4EAMP,54.00,"","","","","","","","","","","",54.00,-54.00,"","",""
10/5/2026,Plantation 8126 W Broward Blvd,WTLGXWPJ,8NABC6J6F4,126.00,-18.00,"","","","","","","","","","",126.00,-54.00,-18.00,"",54.00
10/5/2026,Plantation 8126 W Broward Blvd,9CC6FO64,"","","","","","","","","",28.00,"","","",28.00,"","","",28.00
10/5/2026,Plantation 8126 W Broward Blvd,KV7QKGPZ,"","","","","","","","","",28.00,"","","",28.00,"","","",28.00
10/5/2026,Plantation 8126 W Broward Blvd,WZ9C636O,7EFYHLLGV3,84.00,-7.50,"","","","","","","","","","",84.00,-54.00,-7.50,"",22.50
10/5/2026,Plantation 8126 W Broward Blvd,MO45QFHX,035YBIG189,"","","","","","","","","","","","","","","","",""
10/4/2026,Plantation 8126 W Broward Blvd,K35VWO1Y,Z9R74892QJ,120.00,-1.50,"","","","","","","","","","",120.00,-114.00,-1.50,"",4.50
10/4/2026,Plantation 8126 W Broward Blvd,OF8VGGO6,TYHM8SLK2Z,94.00,-10.00,"","","","","","","","","","",94.00,-54.00,-10.00,"",30.00
10/4/2026,Plantation 8126 W Broward Blvd,WI7FS5E4,UCETR0YGJJ,54.00,"","","","","","","","","","","",54.00,-54.00,"","",""
10/4/2026,Plantation 8126 W Broward Blvd,SD5N8WGF,"M16WNF8GWN,W7RLSB8J07",220.00,-28.00,"","","","","","","","","","",220.00,-108.00,-28.00,"",84.00
10/4/2026,Plantation 8126 W Broward Blvd,Q1YZKH2O,"","","","","","","","","",58.00,"","","",58.00,"","","",58.00
10/4/2026,Plantation 8126 W Broward Blvd,6VSBJM8I,"","","","","","","","","",28.00,"","","",28.00,"","","",28.00
10/4/2026,Plantation 8126 W Broward Blvd,7HGOSU9A,XYPZG1Y6TD,54.00,"","","","","","","","","","","",54.00,-54.00,"","",""
10/4/2026,Plantation 8126 W Broward Blvd,9NFRSBOY,P5ZWLTAUQN,60.00,-1.50,"","","","","","","","","","",60.00,-54.00,-1.50,"",4.50
10/4/2026,Plantation 8126 W Broward Blvd,5E0QK1YK,34QN870EWQ,54.00,"","","","","","","","","","","",54.00,-54.00,"","",""
10/4/2026,Plantation 8126 W Broward Blvd,27HWACIN,Y85WXAPCL8,54.00,-15.00,"","","","","","","","","","",54.00,"",-15.00,"",39.00
10/4/2026,Plantation 8126 W Broward Blvd,YMLVOH53,"","","","","","","","","",69.00,"","","",69.00,"","","",69.00
10/4/2026,Plantation 8126 W Broward Blvd,1JN25ZXT,7TLHNJV6HL,54.00,"","","","","","","","","","","",54.00,-54.00,"","",""
10/4/2026,Plantation 8126 W Broward Blvd,8DSBFE21,BMCK4D2TUT,54.00,"","","","","","","","","","","",54.00,-54.00,"","",""
10/4/2026,Plantation 8126 W Broward Blvd,CE1U758B,"","","","","","","","","",127.00,"","","",127.00,"","","",127.00
10/4/2026,Plantation 8126 W Broward Blvd,ZVJJ46W7,"3EB3HVO4SQ,Q8ESH783PG",141.00,-8.25,"","","","","","","","","","",141.00,-108.00,-8.25,"",24.75
10/4/2026,Plantation 8126 W Broward Blvd,SG9LYBBH,PED5YRA75W,66.00,-3.00,"","","","","","","","","","",66.00,-54.00,-3.00,"",9.00
10/4/2026,Plantation 8126 W Broward Blvd,OYK21WT4,6CA5H6G48M,144.00,-22.50,"","","","","","","","","","",144.00,-54.00,-22.50,"",67.50
10/4/2026,Plantation 8126 W Broward Blvd,LC8RRGWL,J7T71AH3HK,54.00,"","","","","","","","","","","",54.00,-54.00,"","",""
10/4/2026,Plantation 8126 W Broward Blvd,CB2YB10T,"M9WY516LTT,PXW7MQVW6E",93.00,-3.75,13.99,-1.40,"","","","","","","","",106.99,-54.00,-5.15,"",47.84
10/4/2026,Plantation 8126 W Broward Blvd,9XXV7KXY,EDXETTJVC7,22.00,"","","","","","","","","","","",22.00,"","","",22.00
10/4/2026,Plantation 8126 W Broward Blvd,JG74A8HT,"","","","","","","","","","","","","","","","","",""
10/4/2026,Plantation 8126 W Broward Blvd,BG1QHNB9,TGC6SMNL76,54.00,"","","","","","","","","","","",54.00,-54.00,"","",""
10/4/2026,Plantation 8126 W Broward Blvd,WPNPYYNE,YELPG1CSJC,54.00,"","","","","","","","","","","",54.00,-54.00,"","",""
10/4/2026,Plantation 8126 W Broward Blvd,K3BD7IKZ,R4N411XJNO,66.00,-3.00,"","","","","","","","","","",66.00,-54.00,-3.00,"",9.00
10/4/2026,Plantation 8126 W Broward Blvd,4Q6LOPWC,XAPFP6ZPHE,106.00,-13.00,"","","","","","","","","","",106.00,-54.00,-13.00,"",39.00
10/4/2026,Plantation 8126 W Broward Blvd,ARDOKKXU,61BKV97I5I,54.00,"","","","","","","","","","","",54.00,-54.00,"","",""
10/4/2026,Plantation 8126 W Broward Blvd,XWM3B4XA,DJQRGDU7N1,"","","","","","","","","","","","","","","","",""
10/3/2026,Plantation 8126 W Broward Blvd,VN5NV7VX,26NUMMKFM7,136.00,-20.50,"","","","","","","","","","",136.00,-54.00,-20.50,"",61.50
10/3/2026,Plantation 8126 W Broward Blvd,JQ6GKX2Z,ZOACPIBBFB,96.00,-10.50,"","","","","","","","","","",96.00,-54.00,-10.50,"",31.50
10/3/2026,Plantation 8126 W Broward Blvd,NKDEFTN4,"CSKBRCQV08,S4T7M7A8Y9",278.00,-42.50,"","","","","","","","","","",278.00,-108.00,-42.50,"",127.50
10/3/2026,Plantation 8126 W Broward Blvd,K2D5MZ65,P03A44BP3Z,140.00,-21.50,"","","","","","","","","","",140.00,-54.00,-21.50,"",64.50
10/3/2026,Plantation 8126 W Broward Blvd,J1VBMUR0,"","","","","","","","","",38.00,"","","",38.00,"","","",38.00
10/3/2026,Plantation 8126 W Broward Blvd,S8U9VVD5,"","","","","","","","","",49.00,"","","",49.00,"","","",49.00
10/3/2026,Plantation 8126 W Broward Blvd,VV8P8WGW,"","","","","","","","","",58.00,"","","",58.00,"","","",58.00
10/3/2026,Plantation 8126 W Broward Blvd,VNFZ489X,EW6XTRWY50,104.00,-12.50,"","","","","","","","","","",104.00,-54.00,-12.50,"",37.50
10/3/2026,Plantation 8126 W Broward Blvd,T9L3KBQ0,WWNM9FMM2E,94.00,-10.00,"","","","","","","","","","",94.00,-54.00,-10.00,"",30.00
10/3/2026,Plantation 8126 W Broward Blvd,JQ1FZANQ,3KGW7HN0NB,66.00,-3.00,"","","","","","","","","","",66.00,-54.00,-3.00,"",9.00
10/3/2026,Plantation 8126 W Broward Blvd,KW2K9URN,J0KPT97Q3M,59.00,-13.25,"","","","","","","","","","",59.00,"",-13.25,"",45.75
10/3/2026,Plantation 8126 W Broward Blvd,MMQJDWXL,"","","","","","","","","",49.00,"","","",49.00,"","","",49.00
10/3/2026,Plantation 8126 W Broward Blvd,A46E6HM9,2JPW1B3AN7,54.00,"","","","","","","","","","","",54.00,-54.00,"","",""
10/3/2026,Plantation 8126 W Broward Blvd,EBPEY9UX,1U5IAX0AG3,39.00,"","","","","","","","","","","",39.00,"","","",39.00
10/3/2026,Plantation 8126 W Broward Blvd,X3316KHP,B3FY4V3YCA,36.00,-9.00,"","","","","","","","","","",36.00,"",-9.00,"",27.00
10/3/2026,Plantation 8126 W Broward Blvd,WFJOOJWO,"","","","","","","","","",28.00,"","","",28.00,"","","",28.00
10/3/2026,Plantation 8126 W Broward Blvd,056RPNQG,"","","","","","","","","",28.00,"","","",28.00,"","","",28.00
10/3/2026,Plantation 8126 W Broward Blvd,42UOC46F,BQFJY5FM0Y,120.00,-16.50,"","","","","","","","","","",120.00,-54.00,-16.50,"",49.50
10/3/2026,Plantation 8126 W Broward Blvd,8FOUXCV8,MTXR4BV94S,105.00,-12.75,"","","","","","","","","","",105.00,-54.00,-12.75,"",38.25
10/3/2026,Plantation 8126 W Broward Blvd,H8TQ6SI4,JU9DQHV4IF,84.00,-7.50,"","","","","","","","","","",84.00,-54.00,-7.50,"",22.50
10/3/2026,Plantation 8126 W Broward Blvd,IL682PJ9,"","","","","","","","","",39.00,-39.00,"","",39.00,"",-39.00,"",""
10/3/2026,Plantation 8126 W Broward Blvd,NZVDAM47,YTFRDYLFUO,72.00,-4.50,"","","","","","","","","","",72.00,-54.00,-4.50,"",13.50
10/3/2026,Plantation 8126 W Broward Blvd,C9KEHZVV,SF5BUV68NX,150.00,-33.00,"","","","","","","","","","",150.00,-54.00,-33.00,"",63.00
10/3/2026,Plantation 8126 W Broward Blvd,VD33UVNX,OQU74VLUKA,96.00,-10.50,"","","","","","","","","","",96.00,-54.00,-10.50,"",31.50
10/3/2026,Plantation 8126 W Broward Blvd,KZYREHGO,RD7CVYD4F5,110.00,-14.00,"","","","","","","","","","",110.00,-54.00,-14.00,"",42.00
10/3/2026,Plantation 8126 W Broward Blvd,TPA31SVB,"DVQ92X512O,JEOVO8A43Z",108.00,-52.00,"","","","","","","","","","",108.00,"",-52.00,"",56.00
10/3/2026,Plantation 8126 W Broward Blvd,ZBEUSGEN,XGS9SE7RGI,54.00,-54.00,"","","","","","","","","","",54.00,"",-54.00,"",""
10/3/2026,Plantation 8126 W Broward Blvd,IF0O9625,HTPVRX5BIK,54.00,-15.00,"","","","","","","","","","",54.00,"",-15.00,"",39.00
10/3/2026,Plantation 8126 W Broward Blvd,KQICNX7J,CC1T56FN63,102.00,-63.00,"","","","","","","","","","",102.00,"",-63.00,"",39.00
10/3/2026,Plantation 8126 W Broward Blvd,AO4E5R86,RF3QNBPI8N,171.00,-88.50,"","","","","","","","","","",171.00,"",-88.50,"",82.50
10/3/2026,Plantation 8126 W Broward Blvd,030YI136,LDH6G4EXE4,"","","","","","","","","","","","","","","","",""
10/2/2026,Plantation 8126 W Broward Blvd,13GZHWUI,"4MOUY68CQW,STVAFUUMU8",160.00,-13.00,"","","","","","","","","","",160.00,-108.00,-13.00,"",39.00
10/2/2026,Plantation 8126 W Broward Blvd,KFC77UUP,JMS4FIU80B,70.00,-16.00,"","","","","","","","","","",70.00,-54.00,-16.00,"",""
10/2/2026,Plantation 8126 W Broward Blvd,6MDLP47O,PQHULQ7ILC,70.00,-16.00,"","","","","","","","","","",70.00,-54.00,-16.00,"",""
10/2/2026,Plantation 8126 W Broward Blvd,FQSQFXA1,"","","","","","","","","",58.00,"","","",58.00,"","","",58.00
10/2/2026,Plantation 8126 W Broward Blvd,851OLQ2H,XWNN87XE15,54.00,"","","","","","","","","","","",54.00,-54.00,"","",""
10/2/2026,Plantation 8126 W Broward Blvd,Y0YCPEUB,Q2W92XWS72,72.00,-4.50,"","","","","","","","","","",72.00,-54.00,-4.50,"",13.50
10/2/2026,Plantation 8126 W Broward Blvd,08JDKBRN,"WO573ODWO1,VALNXGD7I8",108.00,"","","","","","","","","","","",108.00,-108.00,"","",""
10/2/2026,Plantation 8126 W Broward Blvd,0S9SB39N,"C2SWQTNV1W,9H9BSIS9D4",108.00,"","","","","","","","","","","",108.00,-108.00,"","",""
10/2/2026,Plantation 8126 W Broward Blvd,N7DV90LT,"","","","","","","","","",39.00,-39.00,"","",39.00,"",-39.00,"",""
10/2/2026,Plantation 8126 W Broward Blvd,L1FFWBLE,RBD6ZPBCFK,54.00,"","","","","","","","","","","",54.00,-54.00,"","",""
10/2/2026,Plantation 8126 W Broward Blvd,B36FF9IQ,"","","","","","","","","",28.00,"","","",28.00,"","","",28.00
10/2/2026,Plantation 8126 W Broward Blvd,SK0CR73M,"","","","","","","","","",56.00,"","","",56.00,"","","",56.00
10/2/2026,Plantation 8126 W Broward Blvd,4OCS385G,"","","","","","","","","",58.00,"","","",58.00,"","","",58.00
10/2/2026,Plantation 8126 W Broward Blvd,H7MMZZNB,"","","","","","","","","",49.00,"","","",49.00,"","","",49.00
10/2/2026,Plantation 8126 W Broward Blvd,6F47CEJF,"","","","","","","","","",39.00,"","","",39.00,"","","",39.00
10/2/2026,Plantation 8126 W Broward Blvd,4WP8I2T1,"","","","","","","","","",49.00,"","","",49.00,"","","",49.00
10/2/2026,Plantation 8126 W Broward Blvd,7FV16QOF,"","","","","","","","","",49.00,"","","",49.00,"","","",49.00
10/2/2026,Plantation 8126 W Broward Blvd,4XU0Q22S,"","","","","","","","","",39.00,"","","",39.00,"","","",39.00
10/2/2026,Plantation 8126 W Broward Blvd,XJ3065UE,PFMYSA44GN,54.00,"","","","","","","","","","","",54.00,-54.00,"","",""
10/2/2026,Plantation 8126 W Broward Blvd,Y5R7EO1T,IOPR7GUXIX,117.00,-15.75,"","","","","","","","","","",117.00,-54.00,-15.75,"",47.25
10/2/2026,Plantation 8126 W Broward Blvd,3JJBR2SF,8D8WFL2CEJ,150.00,-37.50,"","","","","","","","","","",150.00,-54.00,-37.50,"",58.50
10/2/2026,Plantation 8126 W Broward Blvd,96HYKTWO,E33ODXEI3I,54.00,"","","","","","","","","","","",54.00,-54.00,"","",""
10/2/2026,Plantation 8126 W Broward Blvd,4C7RPE7E,EKIZTKTOHC,106.00,-22.76,"","","","","","",39.00,"","","",145.00,-54.00,-22.76,"",68.24
10/2/2026,Plantation 8126 W Broward Blvd,UIT304CT,"","","","","","","","","",38.00,"","","",38.00,"","","",38.00
10/2/2026,Plantation 8126 W Broward Blvd,RQJPOK5T,ZM33HLF2ZH,54.00,"","","","","","","","","","","",54.00,-54.00,"","",""
10/2/2026,Plantation 8126 W Broward Blvd,BRT3DFOJ,B370MPDUG3,72.00,-4.50,"","","","","","","","","","",72.00,-54.00,-4.50,"",13.50
10/2/2026,Plantation 8126 W Broward Blvd,9RVIQR28,URO3JMK6B0,7.00,"","","","","","","","","","","",7.00,"","","",7.00
10/1/2026,Plantation 8126 W Broward Blvd,JEXDMSTK,1B15H8UNSU,70.00,-16.00,"","","","","","","","","","",70.00,-54.00,-16.00,"",""
10/1/2026,Plantation 8126 W Broward Blvd,G81L68NH,UHYPXX17IM,54.00,"","","","","","","","","","","",54.00,-54.00,"","",""
10/1/2026,Plantation 8126 W Broward Blvd,2WRRRB1M,"","","","","","","","","",28.00,"","","",28.00,"","","",28.00
10/1/2026,Plantation 8126 W Broward Blvd,0KG3FG2P,"","","","","","","","","",39.00,"","","",39.00,"","","",39.00
10/1/2026,Plantation 8126 W Broward Blvd,M7OIOJ9D,"","","","","","","","","",28.00,"","","",28.00,"","","",28.00
10/1/2026,Plantation 8126 W Broward Blvd,A5TEGBA6,"","","","","","","","","",39.00,"","","",39.00,"","","",39.00
10/1/2026,Plantation 8126 W Broward Blvd,T927LZ9J,"","","","","","","","","",55.00,"","","",55.00,"","","",55.00
10/1/2026,Plantation 8126 W Broward Blvd,2C2F7ARB,"","","","","","","","","",49.00,"","","",49.00,"","","",49.00
10/1/2026,Plantation 8126 W Broward Blvd,5YVSRMCK,3RE1ESAD6L,92.00,-9.50,"","","","","","","","","","",92.00,-54.00,-9.50,"",28.50
10/1/2026,Plantation 8126 W Broward Blvd,W5MGT85N,"","","","","","","","","",58.00,"","","",58.00,"","","",58.00
10/1/2026,Plantation 8126 W Broward Blvd,6APZ05P6,"","","","","","","","","",38.00,"","","",38.00,"","","",38.00
10/1/2026,Plantation 8126 W Broward Blvd,YN5IXQ46,"","","","","","","","","",58.00,"","","",58.00,"","","",58.00
10/1/2026,Plantation 8126 W Broward Blvd,4RG440VV,"","","","","","","","","",56.00,"","","",56.00,"","","",56.00
10/1/2026,Plantation 8126 W Broward Blvd,Q9AE78VW,"","","","","","","","","",38.00,"","","",38.00,"","","",38.00
10/1/2026,Plantation 8126 W Broward Blvd,T66QUC02,"","","","","","","","","",28.00,"","","",28.00,"","","",28.00
10/1/2026,Plantation 8126 W Broward Blvd,UVRIJ6Z7,"","","","","","","","","",76.00,"","","",76.00,"","","",76.00
10/1/2026,Plantation 8126 W Broward Blvd,NA3KJDNW,"","","","","","","","","",28.00,"","","",28.00,"","","",28.00
10/1/2026,Plantation 8126 W Broward Blvd,QFSDEU6R,"","","","","","","","","",28.00,"","","",28.00,"","","",28.00
10/1/2026,Plantation 8126 W Broward Blvd,4SO4ZUPT,"","","","","","","","","",38.00,"","","",38.00,"","","",38.00
10/1/2026,Plantation 8126 W Broward Blvd,HQ8N0VIT,"","","","","","","","","",28.00,"","","",28.00,"","","",28.00
10/1/2026,Plantation 8126 W Broward Blvd,PSICTSTY,"","","","","","","","","",28.00,"","","",28.00,"","","",28.00
10/1/2026,Plantation 8126 W Broward Blvd,VLHCTPS4,"","","","","","","","","",56.00,"","","",56.00,"","","",56.00
10/1/2026,Plantation 8126 W Broward Blvd,S93R777B,"","","","","","","","","",56.00,"","","",56.00,"","","",56.00
10/1/2026,Plantation 8126 W Broward Blvd,GH3G5C91,"","","","","","","","","",38.00,"","","",38.00,"","","",38.00
10/1/2026,Plantation 8126 W Broward Blvd,J7F9S6MD,"","","","","","","","","",38.00,"","","",38.00,"","","",38.00
10/1/2026,Plantation 8126 W Broward Blvd,3MFBZH1U,"","","","","","","","","",38.00,"","","",38.00,"","","",38.00
10/1/2026,Plantation 8126 W Broward Blvd,SCUOE6U5,"","","","","","","","","",56.00,"","","",56.00,"","","",56.00
10/1/2026,Plantation 8126 W Broward Blvd,41IZY6SH,"","","","","","","","","",38.00,"","","",38.00,"","","",38.00
10/1/2026,Plantation 8126 W Broward Blvd,29HZMOYC,"","","","","","","","","",28.00,"","","",28.00,"","","",28.00
10/1/2026,Plantation 8126 W Broward Blvd,WGPFRNXD,"","","","","","","","","",38.00,"","","",38.00,"","","",38.00
10/1/2026,Plantation 8126 W Broward Blvd,BR945JL2,"","","","","","","","","",58.00,"","","",58.00,"","","",58.00
10/1/2026,Plantation 8126 W Broward Blvd,05A5L4FQ,"","","","","","","","","",58.00,"","","",58.00,"","","",58.00
10/1/2026,Plantation 8126 W Broward Blvd,QD6BKQ78,"","","","","","","","","",58.00,"","","",58.00,"","","",58.00
10/1/2026,Plantation 8126 W Broward Blvd,U5D4B4GW,"","","","","","","","","",38.00,"","","",38.00,"","","",38.00
10/1/2026,Plantation 8126 W Broward Blvd,VUJEIMGF,"","","","","","","","","",28.00,"","","",28.00,"","","",28.00
10/1/2026,Plantation 8126 W Broward Blvd,6CNNOHWW,"","","","","","","","","",136.00,"","","",136.00,"","","",136.00
10/1/2026,Plantation 8126 W Broward Blvd,BH29H2V2,"","","","","","","","","",56.00,"","","",56.00,"","","",56.00
10/1/2026,Plantation 8126 W Broward Blvd,S8SIOJ3G,"","","","","","","","","",38.00,"","","",38.00,"","","",38.00
10/1/2026,Plantation 8126 W Broward Blvd,4SBGTGVV,"","","","","","","","","",38.00,"","","",38.00,"","","",38.00
10/1/2026,Plantation 8126 W Broward Blvd,09WRCL3R,"","","","","","","","","",28.00,"","","",28.00,"","","",28.00
10/1/2026,Plantation 8126 W Broward Blvd,XQO5BRBY,"","","","","","","","","",38.00,"","","",38.00,"","","",38.00
10/1/2026,Plantation 8126 W Broward Blvd,CSJERZZC,"","","","","","","","","",28.00,"","","",28.00,"","","",28.00
10/1/2026,Plantation 8126 W Broward Blvd,OKUEJJR0,"","","","","","","","","",28.00,"","","",28.00,"","","",28.00
10/1/2026,Plantation 8126 W Broward Blvd,EGYJXWTJ,"","","","","","","","","",28.00,"","","",28.00,"","","",28.00
10/1/2026,Plantation 8126 W Broward Blvd,ETLCUOYL,"","","","","","","","","",28.00,"","","",28.00,"","","",28.00
10/1/2026,Plantation 8126 W Broward Blvd,L9LP6SVM,"","","","","","","","","",28.00,"","","",28.00,"","","",28.00
10/1/2026,Plantation 8126 W Broward Blvd,WELOXAGN,"","","","","","","","","",28.00,"","","",28.00,"","","",28.00
10/1/2026,Plantation 8126 W Broward Blvd,6JV904I2,"","","","","","","","","",38.00,"","","",38.00,"","","",38.00
10/1/2026,Plantation 8126 W Broward Blvd,B00NFFQN,"","","","","","","","","",28.00,"","","",28.00,"","","",28.00
10/1/2026,Plantation 8126 W Broward Blvd,Q09R0A5U,"","","","","","","","","",38.00,"","","",38.00,"","","",38.00
10/1/2026,Plantation 8126 W Broward Blvd,TPFPI69S,"","","","","","","","","",38.00,"","","",38.00,"","","",38.00
10/1/2026,Plantation 8126 W Broward Blvd,3H2M685A,"","","","","","","","","",76.00,"","","",76.00,"","","",76.00
10/1/2026,Plantation 8126 W Broward Blvd,BJFDXKE3,"","","","","","","","","",28.00,"","","",28.00,"","","",28.00
10/1/2026,Plantation 8126 W Broward Blvd,44HPLU0V,"","","","","","","","","",28.00,"","","",28.00,"","","",28.00
10/1/2026,Plantation 8126 W Broward Blvd,UF3PMHT3,"","","","","","","","","",76.00,"","","",76.00,"","","",76.00
10/1/2026,Plantation 8126 W Broward Blvd,OWM6QCES,"","","","","","","","","",28.00,"","","",28.00,"","","",28.00
10/1/2026,Plantation 8126 W Broward Blvd,FXR4FL6I,"","","","","","","","","",38.00,"","","",38.00,"","","",38.00
10/1/2026,Plantation 8126 W Broward Blvd,JB653IJ6,"","","","","","","","","",38.00,"","","",38.00,"","","",38.00
10/1/2026,Plantation 8126 W Broward Blvd,K5JWN0HC,"","","","","","","","","",38.00,"","","",38.00,"","","",38.00
10/1/2026,Plantation 8126 W Broward Blvd,JBP33YGJ,"","","","","","","","","",38.00,"","","",38.00,"","","",38.00
10/1/2026,Plantation 8126 W Broward Blvd,YDEBEFAF,"","","","","","","","","",28.00,"","","",28.00,"","","",28.00
10/1/2026,Plantation 8126 W Broward Blvd,VASCLCV1,"","","","","","","","","",28.00,"","","",28.00,"","","",28.00
10/1/2026,Plantation 8126 W Broward Blvd,LJ0ONQHM,"","","","","","","","","",58.00,"","","",58.00,"","","",58.00
10/1/2026,Plantation 8126 W Broward Blvd,TMXYXFPB,"","","","","","","","","",76.00,"","","",76.00,"","","",76.00
10/1/2026,Plantation 8126 W Broward Blvd,A99FJ73S,"","","","","","","","","",38.00,"","","",38.00,"","","",38.00
10/1/2026,Plantation 8126 W Broward Blvd,NFXBEXOD,"","","","","","","","","",76.00,"","","",76.00,"","","",76.00
10/1/2026,Plantation 8126 W Broward Blvd,O3JB2HO9,"","","","","","","","","",38.00,"","","",38.00,"","","",38.00
10/1/2026,Plantation 8126 W Broward Blvd,FC5B7MNO,"","","","","","","","","",38.00,"","","",38.00,"","","",38.00
10/1/2026,Plantation 8126 W Broward Blvd,K6GAZ96H,"","","","","","","","","",28.00,"","","",28.00,"","","",28.00
10/1/2026,Plantation 8126 W Broward Blvd,BFRLMRMD,"","","","","","","","","",76.00,"","","",76.00,"","","",76.00
10/1/2026,Plantation 8126 W Broward Blvd,DUXHXKUL,"","","","","","","","","",56.00,"","","",56.00,"","","",56.00
10/1/2026,Plantation 8126 W Broward Blvd,X6IWZ8VV,"","","","","","","","","",38.00,"","","",38.00,"","","",38.00
10/1/2026,Plantation 8126 W Broward Blvd,CP3SUUKZ,"","","","","","","","","",28.00,"","","",28.00,"","","",28.00
10/1/2026,Plantation 8126 W Broward Blvd,ZVSWBBBZ,"","","","","","","","","",56.00,"","","",56.00,"","","",56.00
10/1/2026,Plantation 8126 W Broward Blvd,AYG9TEG8,"","","","","","","","","",38.00,"","","",38.00,"","","",38.00
10/1/2026,Plantation 8126 W Broward Blvd,TFRXDMSM,"","","","","","","","","",38.00,"","","",38.00,"","","",38.00
10/1/2026,Plantation 8126 W Broward Blvd,MV0BZEYX,"","","","","","","","","",28.00,"","","",28.00,"","","",28.00
10/1/2026,Plantation 8126 W Broward Blvd,A05UTGIJ,"","","","","","","","","",56.00,"","","",56.00,"","","",56.00
10/1/2026,Plantation 8126 W Broward Blvd,PG68T0UV,"","","","","","","","","",38.00,"","","",38.00,"","","",38.00
10/1/2026,Plantation 8126 W Broward Blvd,8FIAS9NE,"","","","","","","","","",96.00,"","","",96.00,"","","",96.00
10/1/2026,Plantation 8126 W Broward Blvd,AITRUT9Y,"","","","","","","","","",28.00,"","","",28.00,"","","",28.00
10/1/2026,Plantation 8126 W Broward Blvd,8GBD2B85,"","","","","","","","","",114.00,"","","",114.00,"","","",114.00
10/1/2026,Plantation 8126 W Broward Blvd,5CRGUQGZ,"","","","","","","","","",58.00,"","","",58.00,"","","",58.00
10/1/2026,Plantation 8126 W Broward Blvd,0SPDRX93,"","","","","","","","","",38.00,"","","",38.00,"","","",38.00
10/1/2026,Plantation 8126 W Broward Blvd,J3SKA9KU,"","","","","","","","","",38.00,"","","",38.00,"","","",38.00
10/1/2026,Plantation 8126 W Broward Blvd,STNSP77W,"","","","","","","","","",38.00,"","","",38.00,"","","",38.00
10/1/2026,Plantation 8126 W Broward Blvd,CU6C2ZO3,"","","","","","","","","",28.00,"","","",28.00,"","","",28.00
10/1/2026,Plantation 8126 W Broward Blvd,3I83V2R1,"","","","","","","","","",28.00,"","","",28.00,"","","",28.00
10/1/2026,Plantation 8126 W Broward Blvd,2EM5XXSI,"","","","","","","","","",116.00,"","","",116.00,"","","",116.00
10/1/2026,Plantation 8126 W Broward Blvd,1IISE99W,"","","","","","","","","",76.00,"","","",76.00,"","","",76.00
10/1/2026,Plantation 8126 W Broward Blvd,619E0T3V,"","","","","","","","","",38.00,"","","",38.00,"","","",38.00
10/1/2026,Plantation 8126 W Broward Blvd,3QO4TZB7,"","","","","","","","","",38.00,"","","",38.00,"","","",38.00
10/1/2026,Plantation 8126 W Broward Blvd,IJF2V9XZ,"","","","","","","","","",38.00,"","","",38.00,"","","",38.00
10/1/2026,Plantation 8126 W Broward Blvd,NKNNZ4LM,"","","","","","","","","",38.00,"","","",38.00,"","","",38.00
10/1/2026,Plantation 8126 W Broward Blvd,87VI6I43,"","","","","","","","","",28.00,"","","",28.00,"","","",28.00
10/1/2026,Plantation 8126 W Broward Blvd,V1E2N16L,"","","","","","","","","",38.00,"","","",38.00,"","","",38.00
10/1/2026,Plantation 8126 W Broward Blvd,OCXRL5HB,"","","","","","","","","",28.00,"","","",28.00,"","","",28.00
10/1/2026,Plantation 8126 W Broward Blvd,G1WS1XM8,"","","","","","","","","",58.00,"","","",58.00,"","","",58.00
10/1/2026,Plantation 8126 W Broward Blvd,608N95UG,"","","","","","","","","",58.00,"","","",58.00,"","","",58.00
10/1/2026,Plantation 8126 W Broward Blvd,RC5582DH,"","","","","","","","","",38.00,"","","",38.00,"","","",38.00
10/1/2026,Plantation 8126 W Broward Blvd,MGWNSDBL,"","","","","","","","","",28.00,"","","",28.00,"","","",28.00
10/1/2026,Plantation 8126 W Broward Blvd,F90NP55T,"","","","","","","","","",84.00,"","","",84.00,"","","",84.00
10/1/2026,Plantation 8126 W Broward Blvd,WR09O4H6,"","","","","","","","","",76.00,"","","",76.00,"","","",76.00
10/1/2026,Plantation 8126 W Broward Blvd,PJC3BX60,"","","","","","","","","",84.00,"","","",84.00,"","","",84.00
10/1/2026,Plantation 8126 W Broward Blvd,V6LW0FRP,"","","","","","","","","",28.00,"","","",28.00,"","","",28.00
10/1/2026,Plantation 8126 W Broward Blvd,DCC8PB5K,"","","","","","","","","",56.00,"","","",56.00,"","","",56.00
10/1/2026,Plantation 8126 W Broward Blvd,CAM6P03K,"","","","","","","","","",28.00,"","","",28.00,"","","",28.00
10/1/2026,Plantation 8126 W Broward Blvd,B27QPI89,"","","","","","","","","",38.00,"","","",38.00,"","","",38.00
10/1/2026,Plantation 8126 W Broward Blvd,TITV5628,"","","","","","","","","",38.00,"","","",38.00,"","","",38.00
10/1/2026,Plantation 8126 W Broward Blvd,8LIJLWF5,"","","","","","","","","",38.00,"","","",38.00,"","","",38.00
10/1/2026,Plantation 8126 W Broward Blvd,67XGZNOD,"","","","","","","","","",28.00,"","","",28.00,"","","",28.00
10/1/2026,Plantation 8126 W Broward Blvd,40ZHSZK3,"","","","","","","","","",28.00,"","","",28.00,"","","",28.00
10/1/2026,Plantation 8126 W Broward Blvd,WU6MJQXO,"","","","","","","","","",38.00,"","","",38.00,"","","",38.00
10/1/2026,Plantation 8126 W Broward Blvd,AJVYULXA,"","","","","","","","","",76.00,"","","",76.00,"","","",76.00
10/1/2026,Plantation 8126 W Broward Blvd,R8ZMFL1X,"","","","","","","","","",38.00,"","","",38.00,"","","",38.00
10/1/2026,Plantation 8126 W Broward Blvd,TUS0ZKKK,"","","","","","","","","",38.00,"","","",38.00,"","","",38.00
10/1/2026,Plantation 8126 W Broward Blvd,NL8C9HHE,"","","","","","","","","",105.00,"","","",105.00,"","","",105.00
10/1/2026,Plantation 8126 W Broward Blvd,CN40A3XR,"","","","","","","","","",38.00,"","","",38.00,"","","",38.00
10/1/2026,Plantation 8126 W Broward Blvd,VERCDUI5,"","","","","","","","","",56.00,"","","",56.00,"","","",56.00
10/1/2026,Plantation 8126 W Broward Blvd,MUNK66WA,"","","","","","","","","",28.00,"","","",28.00,"","","",28.00
10/1/2026,Plantation 8126 W Broward Blvd,PNLRJ6ZZ,"","","","","","","","","",56.00,"","","",56.00,"","","",56.00
10/1/2026,Plantation 8126 W Broward Blvd,GM3L9ATA,"","","","","","","","","",75.00,"","","",75.00,"","","",75.00
10/1/2026,Plantation 8126 W Broward Blvd,XGBM3UW1,"","","","","","","","","",58.00,"","","",58.00,"","","",58.00
10/1/2026,Plantation 8126 W Broward Blvd,IT678FV3,"","","","","","","","","",28.00,"","","",28.00,"","","",28.00
10/1/2026,Plantation 8126 W Broward Blvd,GR2D5JIM,"","","","","","","","","",38.00,"","","",38.00,"","","",38.00
10/1/2026,Plantation 8126 W Broward Blvd,H5V2W0U6,"","","","","","","","","",56.00,"","","",56.00,"","","",56.00
10/1/2026,Plantation 8126 W Broward Blvd,7PH29O9Q,"","","","","","","","","",58.00,"","","",58.00,"","","",58.00
10/1/2026,Plantation 8126 W Broward Blvd,7TG28UZK,"","","","","","","","","",58.00,"","","",58.00,"","","",58.00
10/1/2026,Plantation 8126 W Broward Blvd,C0XOYGW9,"","","","","","","","","",116.00,"","","",116.00,"","","",116.00
10/1/2026,Plantation 8126 W Broward Blvd,P6JYN5ZT,"","","","","","","","","",58.00,"","","",58.00,"","","",58.00
10/1/2026,Plantation 8126 W Broward Blvd,7IEQ6R2L,"","","","","","","","","",58.00,"","","",58.00,"","","",58.00
10/1/2026,Plantation 8126 W Broward Blvd,SFO4Y72I,"","","","","","","","","",38.00,"","","",38.00,"","","",38.00
10/1/2026,Plantation 8126 W Broward Blvd,NZVKCP63,"","","","","","","","","",28.00,"","","",28.00,"","","",28.00
10/1/2026,Plantation 8126 W Broward Blvd,HQOX8KMH,"","","","","","","","","",28.00,"","","",28.00,"","","",28.00
10/1/2026,Plantation 8126 W Broward Blvd,ZQ89PYQZ,"","","","","","","","","",76.00,"","","",76.00,"","","",76.00
10/1/2026,Plantation 8126 W Broward Blvd,Y8KRVA9K,"","","","","","","","","",56.00,"","","",56.00,"","","",56.00
10/1/2026,Plantation 8126 W Broward Blvd,HQ1IHO7X,"","","","","","","","","",38.00,"","","",38.00,"","","",38.00
10/1/2026,Plantation 8126 W Broward Blvd,JXFL8D34,"","","","","","","","","",116.00,"","","",116.00,"","","",116.00
10/1/2026,Plantation 8126 W Broward Blvd,A0RWPY2Y,"","","","","","","","","",28.00,"","","",28.00,"","","",28.00
10/1/2026,Plantation 8126 W Broward Blvd,LBPV89QF,"","","","","","","","","",28.00,"","","",28.00,"","","",28.00
10/1/2026,Plantation 8126 W Broward Blvd,ZQUEQ2V3,"","","","","","","","","",49.00,"","","",49.00,"","","",49.00
10/1/2026,Plantation 8126 W Broward Blvd,FABPR9C9,"","","","","","","","","",49.00,"","","",49.00,"","","",49.00
10/1/2026,Plantation 8126 W Broward Blvd,ET9UI78B,"","","","","","","","","",49.00,"","","",49.00,"","","",49.00
10/1/2026,Plantation 8126 W Broward Blvd,YNA5C7PO,"","","","","","","","","",58.00,"","","",58.00,"","","",58.00
10/1/2026,Plantation 8126 W Broward Blvd,1H1GWF2X,"","","","","","","","","",39.00,"","","",39.00,"","","",39.00
10/1/2026,Plantation 8126 W Broward Blvd,7NI7B1BM,"","","","","","","","","",49.00,"","","",49.00,"","","",49.00
10/1/2026,Plantation 8126 W Broward Blvd,IFEZ1KAR,"","","","","","","","","",117.00,"","","",117.00,"","","",117.00
10/1/2026,Plantation 8126 W Broward Blvd,0XJ6HGVG,"","","","","","","","","",49.00,"","","",49.00,"","","",49.00
10/1/2026,Plantation 8126 W Broward Blvd,R0FTI97Q,"","","","","","","","","",39.00,"","","",39.00,"","","",39.00
10/1/2026,Plantation 8126 W Broward Blvd,8L8C11J3,"","","","","","","","","",39.00,"","","",39.00,"","","",39.00
10/1/2026,Plantation 8126 W Broward Blvd,U7N32DU6,"","","","","","","","","",39.00,"","","",39.00,"","","",39.00
10/1/2026,Plantation 8126 W Broward Blvd,T56EHI4Z,"","","","","","","","","",49.00,"","","",49.00,"","","",49.00
10/1/2026,Plantation 8126 W Broward Blvd,WDNKN52X,"","","","","","","","","",49.00,"","","",49.00,"","","",49.00
10/1/2026,Plantation 8126 W Broward Blvd,JY19S9AI,"","","","","","","","","",39.00,"","","",39.00,"","","",39.00
10/1/2026,Plantation 8126 W Broward Blvd,JJQ37WZ7,"","","","","","","","","",38.00,"","","",38.00,"","","",38.00
10/1/2026,Plantation 8126 W Broward Blvd,94TN5RF3,"","","","","","","","","",39.00,"","","",39.00,"","","",39.00
10/1/2026,Plantation 8126 W Broward Blvd,POOP0U6T,"","","","","","","","","",49.00,"","","",49.00,"","","",49.00
10/1/2026,Plantation 8126 W Broward Blvd,TVQG1TQR,"","","","","","","","","",49.00,"","","",49.00,"","","",49.00
10/1/2026,Plantation 8126 W Broward Blvd,V53IX06A,"","","","","","","","","",78.00,"","","",78.00,"","","",78.00
10/1/2026,Plantation 8126 W Broward Blvd,DOJ0SGZ6,"","","","","","","","","",78.00,"","","",78.00,"","","",78.00
10/1/2026,Plantation 8126 W Broward Blvd,XIRJNDHB,"","","","","","","","","",39.00,"","","",39.00,"","","",39.00
10/1/2026,Plantation 8126 W Broward Blvd,OPERNSRV,"","","","","","","","","",78.00,"","","",78.00,"","","",78.00
10/1/2026,Plantation 8126 W Broward Blvd,YW1PA6UO,"","","","","","","","","",39.00,"","","",39.00,"","","",39.00
10/1/2026,Plantation 8126 W Broward Blvd,0B956H83,"","","","","","","","","",49.00,"","","",49.00,"","","",49.00
10/1/2026,Plantation 8126 W Broward Blvd,M8NR6U8B,"","","","","","","","","",49.00,"","","",49.00,"","","",49.00
10/1/2026,Plantation 8126 W Broward Blvd,9Z4YMB38,"","","","","","","","","",39.00,"","","",39.00,"","","",39.00
10/1/2026,Plantation 8126 W Broward Blvd,34QZ773C,"","","","","","","","","",30.00,"","","",30.00,"","","",30.00
10/1/2026,Plantation 8126 W Broward Blvd,LLOQGDG9,"","","","","","","","","",98.00,"","","",98.00,"","","",98.00
10/1/2026,Plantation 8126 W Broward Blvd,LGGD1VGJ,"","","","","","","","","",49.00,"","","",49.00,"","","",49.00
10/1/2026,Plantation 8126 W Broward Blvd,9P8SNTZS,"","","","","","","","","",49.00,"","","",49.00,"","","",49.00
10/1/2026,Plantation 8126 W Broward Blvd,MP6U8YK8,"","","","","","","","","",49.00,"","","",49.00,"","","",49.00
10/1/2026,Plantation 8126 W Broward Blvd,40R06FZU,"","","","","","","","","",39.00,"","","",39.00,"","","",39.00
10/1/2026,Plantation 8126 W Broward Blvd,R9I4XZ73,"","","","","","","","","",78.00,"","","",78.00,"","","",78.00
10/1/2026,Plantation 8126 W Broward Blvd,7FZXO56Z,"","","","","","","","","",117.00,"","","",117.00,"","","",117.00
10/1/2026,Plantation 8126 W Broward Blvd,EN68U2IX,"","","","","","","","","",39.00,"","","",39.00,"","","",39.00
10/1/2026,Plantation 8126 W Broward Blvd,V1L7LKIK,"","","","","","","","","",49.00,"","","",49.00,"","","",49.00
10/1/2026,Plantation 8126 W Broward Blvd,Z5RMPSRF,"","","","","","","","","",39.00,"","","",39.00,"","","",39.00
10/1/2026,Plantation 8126 W Broward Blvd,SQ55BJWZ,"","","","","","","","","",28.00,"","","",28.00,"","","",28.00
10/1/2026,Plantation 8126 W Broward Blvd,79W4TB0G,"","","","","","","","","",39.00,"","","",39.00,"","","",39.00
10/1/2026,Plantation 8126 W Broward Blvd,KAWG8NMM,"","","","","","","","","",49.00,"","","",49.00,"","","",49.00
10/1/2026,Plantation 8126 W Broward Blvd,PJDS7BFF,"","","","","","","","","",39.00,"","","",39.00,"","","",39.00
10/1/2026,Plantation 8126 W Broward Blvd,ZSIDP6TX,"","","","","","","","","",49.00,"","","",49.00,"","","",49.00
10/1/2026,Plantation 8126 W Broward Blvd,VLZI1W17,"","","","","","","","","",49.00,"","","",49.00,"","","",49.00
10/1/2026,Plantation 8126 W Broward Blvd,K5FRJ72K,"","","","","","","","","",39.00,"","","",39.00,"","","",39.00
10/1/2026,Plantation 8126 W Broward Blvd,VIEXLNNA,"","","","","","","","","",38.00,"","","",38.00,"","","",38.00
10/1/2026,Plantation 8126 W Broward Blvd,0LPHLR8Y,"","","","","","","","","",49.00,"","","",49.00,"","","",49.00
10/1/2026,Plantation 8126 W Broward Blvd,F7TZLYLJ,"","","","","","","","","",39.00,"","","",39.00,"","","",39.00
10/1/2026,Plantation 8126 W Broward Blvd,3WBG5774,"","","","","","","","","",49.00,"","","",49.00,"","","",49.00
10/1/2026,Plantation 8126 W Broward Blvd,M6J6VCB1,"","","","","","","","","",49.00,"","","",49.00,"","","",49.00
10/1/2026,Plantation 8126 W Broward Blvd,1OS61TBR,"","","","","","","","","",28.00,"","","",28.00,"","","",28.00
10/1/2026,Plantation 8126 W Broward Blvd,C0OV0ZE6,"","","","","","","","","",39.00,"","","",39.00,"","","",39.00
10/1/2026,Plantation 8126 W Broward Blvd,YOMFCEE4,"","","","","","","","","",49.00,"","","",49.00,"","","",49.00
10/1/2026,Plantation 8126 W Broward Blvd,BL135VF3,"","","","","","","","","",49.00,"","","",49.00,"","","",49.00
10/1/2026,Plantation 8126 W Broward Blvd,O8TWIQ1T,"","","","","","","","","",78.00,"","","",78.00,"","","",78.00
10/1/2026,Plantation 8126 W Broward Blvd,DF38E45R,"","","","","","","","","",49.00,"","","",49.00,"","","",49.00
10/1/2026,Plantation 8126 W Broward Blvd,I6YSOL7Y,"","","","","","","","","",147.00,"","","",147.00,"","","",147.00
10/1/2026,Plantation 8126 W Broward Blvd,TJKWA14K,"","","","","","","","","",49.00,"","","",49.00,"","","",49.00
10/1/2026,Plantation 8126 W Broward Blvd,I2U67PYJ,"","","","","","","","","",39.00,"","","",39.00,"","","",39.00
10/1/2026,Plantation 8126 W Broward Blvd,3T2D12D7,"","","","","","","","","",39.00,"","","",39.00,"","","",39.00
10/1/2026,Plantation 8126 W Broward Blvd,C099INPO,"","","","","","","","","",39.00,"","","",39.00,"","","",39.00
10/1/2026,Plantation 8126 W Broward Blvd,NQCD1HVR,"","","","","","","","","",49.00,"","","",49.00,"","","",49.00
10/1/2026,Plantation 8126 W Broward Blvd,48HIUPKY,"","","","","","","","","",49.00,"","","",49.00,"","","",49.00
10/1/2026,Plantation 8126 W Broward Blvd,4ABGD9UJ,"","","","","","","","","",39.00,"","","",39.00,"","","",39.00
10/1/2026,Plantation 8126 W Broward Blvd,9IGHYN5S,"","","","","","","","","",49.00,"","","",49.00,"","","",49.00
10/1/2026,Plantation 8126 W Broward Blvd,L6EIAQ2O,"","","","","","","","","",39.00,"","","",39.00,"","","",39.00
10/1/2026,Plantation 8126 W Broward Blvd,OHWJ3K0E,"","","","","","","","","",49.00,"","","",49.00,"","","",49.00
10/1/2026,Plantation 8126 W Broward Blvd,C43C5VM2,"","","","","","","","","",39.00,"","","",39.00,"","","",39.00
10/1/2026,Plantation 8126 W Broward Blvd,RQI669HM,"","","","","","","","","",98.00,"","","",98.00,"","","",98.00
10/1/2026,Plantation 8126 W Broward Blvd,Y8ILOJ06,"","","","","","","","","",39.00,"","","",39.00,"","","",39.00
10/1/2026,Plantation 8126 W Broward Blvd,E3XHG62X,"","","","","","","","","",49.00,"","","",49.00,"","","",49.00
10/1/2026,Plantation 8126 W Broward Blvd,MUQU105L,"","","","","","","","","",49.00,"","","",49.00,"","","",49.00
10/1/2026,Plantation 8126 W Broward Blvd,B521NE2N,"","","","","","","","","",39.00,"","","",39.00,"","","",39.00
10/1/2026,Plantation 8126 W Broward Blvd,YLKRWC2E,"","","","","","","","","",49.00,"","","",49.00,"","","",49.00
10/1/2026,Plantation 8126 W Broward Blvd,INB3CL7F,"","","","","","","","","",39.00,"","","",39.00,"","","",39.00
10/1/2026,Plantation 8126 W Broward Blvd,5Y2UHJV2,"","","","","","","","","",49.00,"","","",49.00,"","","",49.00
10/1/2026,Plantation 8126 W Broward Blvd,E5MHFVVV,"","","","","","","","","",49.00,"","","",49.00,"","","",49.00
10/1/2026,Plantation 8126 W Broward Blvd,66EHRU4S,"","","","","","","","","",49.00,"","","",49.00,"","","",49.00
10/1/2026,Plantation 8126 W Broward Blvd,PJ47QAO2,"","","","","","","","","",69.00,"","","",69.00,"","","",69.00
10/1/2026,Plantation 8126 W Broward Blvd,YT8WUDA8,"","","","","","","","","",49.00,"","","",49.00,"","","",49.00
10/1/2026,Plantation 8126 W Broward Blvd,YVFPPXUV,"","","","","","","","","",138.00,"","","",138.00,"","","",138.00
10/1/2026,Plantation 8126 W Broward Blvd,Q33WI9W0,"","","","","","","","","",39.00,"","","",39.00,"","","",39.00
10/1/2026,Plantation 8126 W Broward Blvd,LRQMDPNO,"","","","","","","","","",39.00,"","","",39.00,"","","",39.00
10/1/2026,Plantation 8126 W Broward Blvd,1PE8X5PH,"","","","","","","","","",39.00,"","","",39.00,"","","",39.00
10/1/2026,Plantation 8126 W Broward Blvd,PHULETI1,"","","","","","","","","",78.00,"","","",78.00,"","","",78.00
10/1/2026,Plantation 8126 W Broward Blvd,B3G2ZCWF,"","","","","","","","","",49.00,"","","",49.00,"","","",49.00
10/1/2026,Plantation 8126 W Broward Blvd,JGFW240Q,"","","","","","","","","",39.00,"","","",39.00,"","","",39.00
10/1/2026,Plantation 8126 W Broward Blvd,FQKAANU7,"","","","","","","","","",39.00,"","","",39.00,"","","",39.00
10/1/2026,Plantation 8126 W Broward Blvd,HTLV5P4L,"","","","","","","","","",49.00,"","","",49.00,"","","",49.00
10/1/2026,Plantation 8126 W Broward Blvd,BQJISSE9,"","","","","","","","","",49.00,"","","",49.00,"","","",49.00
10/1/2026,Plantation 8126 W Broward Blvd,75ZGFF1P,"","","","","","","","","",89.50,"","","",89.50,"","","",89.50
10/1/2026,Plantation 8126 W Broward Blvd,D8ESH3SV,"","","","","","","","","",39.00,"","","",39.00,"","","",39.00
10/1/2026,Plantation 8126 W Broward Blvd,RKLK9E2C,"","","","","","","","","",49.00,"","","",49.00,"","","",49.00
10/1/2026,Plantation 8126 W Broward Blvd,Z6Y4SHDL,"","","","","","","","","",39.00,"","","",39.00,"","","",39.00
10/1/2026,Plantation 8126 W Broward Blvd,L79KT1BK,"","","","","","","","","",49.00,"","","",49.00,"","","",49.00
10/1/2026,Plantation 8126 W Broward Blvd,HFJKEFCU,"","","","","","","","","",49.00,"","","",49.00,"","","",49.00
10/1/2026,Plantation 8126 W Broward Blvd,2V5NNC9Z,"","","","","","","","","",39.00,"","","",39.00,"","","",39.00
10/1/2026,Plantation 8126 W Broward Blvd,ZY2TJPAS,"","","","","","","","","",39.00,"","","",39.00,"","","",39.00
10/1/2026,Plantation 8126 W Broward Blvd,60LJZI2L,"","","","","","","","","",39.00,"","","",39.00,"","","",39.00
10/1/2026,Plantation 8126 W Broward Blvd,9E4IX524,"","","","","","","","","",49.00,"","","",49.00,"","","",49.00
10/1/2026,Plantation 8126 W Broward Blvd,0JH1VQ80,"","","","","","","","","",39.00,"","","",39.00,"","","",39.00
10/1/2026,Plantation 8126 W Broward Blvd,ABPHVMYN,"","","","","","","","","",39.00,"","","",39.00,"","","",39.00
10/1/2026,Plantation 8126 W Broward Blvd,J9O0HIAU,"","","","","","","","","",39.00,"","","",39.00,"","","",39.00
10/1/2026,Plantation 8126 W Broward Blvd,14GMJ44J,"","","","","","","","","",39.00,"","","",39.00,"","","",39.00
10/1/2026,Plantation 8126 W Broward Blvd,LPFS1KWA,"","","","","","","","","",49.00,"","","",49.00,"","","",49.00
10/1/2026,Plantation 8126 W Broward Blvd,8Z5RGF3U,"","","","","","","","","",78.50,"","","",78.50,"","","",78.50
10/1/2026,Plantation 8126 W Broward Blvd,XM1I16CU,CODSTW2P2U,63.00,-19.50,"","","","","","","","","","",63.00,"",-19.50,"",43.50
10/1/2026,Plantation 8126 W Broward Blvd,3NMUG23C,A2XHS4M7SU,54.00,"","","","","","","","","","","",54.00,-54.00,"","",""
10/1/2026,Plantation 8126 W Broward Blvd,RING4UUR,DGHB74MUPA,114.00,-15.00,"","","","","","","","","","",114.00,-54.00,-15.00,"",45.00
10/1/2026,Plantation 8126 W Broward Blvd,YL3JO67G,ERMGW5TIGN,"","","","","","","","","","","","","","","","",""
